Angle,Inner_Radius,Outer_Radius,Distance
0,159.0,295.0423698386386,136.0423698386386
1,159.02829936838285,295.16944286290885,136.141143494526
2,159.11316727411344,295.3811097548386,136.26794248072514
3,159.25451327984396,295.67718883945037,136.4226755596064
4,159.45218719101973,295.8952517361507,136.443064545131
5,159.6151621870554,295.526648544594,135.91148635753862
6,159.13830462839547,296.1958811327396,137.05757650434413
7,159.26079241294764,296.31908477180474,137.0582923588571
8,159.66527487215245,296.5889411289639,136.92366625681143
9,160.12495120998477,296.7456823611761,136.6207311511913
10,159.47727110782904,297.13464961192255,137.65737850409351
11,160.0312469488381,297.32473829131675,137.29349134247866
12,160.099968769516,297.5315109362368,137.43154216672082
13,160.3277892319357,297.8657415682441,137.53795233630842
14,160.80111939908875,298.3236497497307,137.52253035064194
15,160.58953888718904,298.63857754817946,138.04903866099042
16,161.40012391568973,299.0401310861136,137.64000717042387
17,161.3071604114337,299.4812181089158,138.1740576974821
18,161.27616066858735,300.10831378020833,138.83215311162098
19,161.3071604114337,300.48294460751015,139.17578419607645
20,161.9876538505327,300.6825568602209,138.69490300968823
21,161.55494421403512,301.1992695874278,139.6443253733927
22,161.7714437099453,302.00662244394573,140.23517873400044
23,161.64467204334326,302.27470949452584,140.63003745118257
24,161.05899540230592,302.90922732726386,141.85023192495794
25,161.01242188104618,303.67416748877406,142.66174560772788
26,160.99689437998487,304.11346566701053,143.11657128702566
27,160.55528642807124,304.64733709651887,144.09205066844763
28,159.7779709471866,305.2752856030111,145.49731465582454
29,159.38946012832844,305.87088779418025,146.4814276658518
30,159.15401345866212,306.8110167513546,147.65700329269248
31,158.47397262642215,306.4718584144391,147.99788578801696
32,157.84169284444462,301.8873962258113,144.04570338136668
33,157.25775020646836,291.7755987055806,134.51784849911223
34,157.54681843820268,292.3850201361212,134.83820169791855
35,157.63248396190426,292.8361316504505,135.20364768854625
36,158.00316452527144,293.60006811988313,135.5969035946117
37,158.40454538932903,294.4299577149037,136.02541232557468
38,158.83639381451596,295.16944286290885,136.3330490483929
39,159.15401345866212,295.51311307622206,136.35909961755993
40,159.55249919697278,296.33089612796033,136.77839693098755
41,160.0312469488381,296.89223634174067,136.86098939290258
42,160.63934760823702,297.8808486626826,137.24150105444556
43,160.58953888718904,298.4526763156933,137.86313742850425
44,161.22654868228122,299.127063302537,137.9005146202558
45,91.93475947648963,299.84329240454923,207.9085329280596
46,91.2414379544733,300.66093860027775,209.41950064580445
47,91.28526715741155,301.6289110811495,210.34364392373794
48,92.09777413162601,301.8774585821207,209.7796844504947
49,92.19544457292888,301.65709008740373,209.46164551447487
50,92.31467922275417,302.42354405700627,210.1088648342521
51,92.45539465060976,302.67639485100256,210.22100020039278
52,92.61749294814668,310.60103026229643,217.98353731414977
53,93.00537618869137,317.83328963467625,224.82791344598488
54,93.81364506296512,323.76071410842917,229.94706904546405
55,174.49641830135081,328.3900120283807,153.89359372702987
56,175.84083712266613,325.90335990903804,150.06252278637191
57,176.17321022221284,327.96341259353915,151.7902023713263
58,176.49079296099274,327.43396280776983,150.9431698467771
59,177.15812146215595,324.8538132760642,147.69569181390827
60,177.74701122663075,326.3525700833379,148.60555885670718
61,178.13478043324386,332.412394474093,154.27761404084913
62,178.89941307897016,332.77770358003255,153.8782905010624
63,178.4432682955566,333.6240399012038,155.18077160564718
64,178.89941307897016,334.6236692166291,155.72425613765893
65,179.42686532400882,335.26854907670656,155.84168375269775
66,180.02499826412998,336.0133925902359,155.98839432610595
67,180.6931099959265,336.857536653108,156.1644266571815
68,180.86735471057236,337.80023682644156,156.9328821158692
69,181.29809706668186,338.49667649771686,157.198579431035
70,181.5543995611233,339.03392160667346,157.47952204555017
71,181.8378398463862,339.94852551526094,158.11068566887474
72,182.18671740826773,340.3321906608307,158.14547325256297
73,182.56231812726304,340.8005281686048,158.23821004134174
74,182.69373278796402,341.2037514447929,158.51001865682886
75,183.13383084509536,342.4616766880639,159.32784584296854
76,183.35757415498276,342.70978976387585,159.3522156088931
77,183.41483037093812,343.0757933751666,159.66096300422848
78,183.76343488300387,343.5956926388921,159.83225775588824
79,187.11493793922494,344.26879033685293,157.153852397628
80,187.57931655702342,344.41980198589044,156.84048542886703
81,188.2471779336944,344.79269133785306,156.54551340415867
82,189.52572384771415,345.0797009387831,155.55397709106896
83,189.06083676954358,345.44174617437307,156.38090940482948
84,188.95766721676048,345.77593901253454,156.81827179577405
85,189.51780918953236,346.13436697328973,156.61655778375737
86,189.44656238633627,345.83377510011945,156.38721271378319
87,206.24257562394823,346.4678917302439,140.22531610629565
88,190.04210059878838,346.2080299473136,156.16592934852522
89,190.0026315607234,346.0520192109851,156.04938765026174
90,239.0,347.0518693221519,108.0518693221519
91,199.090431713832,347.09220676932523,148.00177505549323
92,191.1674658512792,346.4678917302439,155.3004258789647
93,191.3164917094185,346.8313711301214,155.5148794207029
94,191.51240168720145,347.1310991541956,155.61869746699418
95,194.03350226185168,346.8731756708783,152.83967340902663
96,193.3726971420733,346.5544690232691,153.18177188119583
97,194.48650338776724,346.3423162133094,151.85581282554216
98,195.020511741714,346.62515777133086,151.60464602961687
99,196.46119209655632,346.39428401750513,149.9330919209488
100,237.11811402758752,345.9710970586994,108.85298303111188
101,236.91348631937356,345.7528018686183,108.83931554924473
102,236.56288804459587,345.5835644240044,109.02067637940854
103,236.25410049351524,345.16228067388823,108.908180180373
104,236.23081932719955,344.8941866717965,108.66336734459694
105,236.1228493814184,344.5112480021516,108.3883986207332
106,236.00847442411893,343.96075357517174,107.9522791510528
107,235.63743335896356,343.49381362697056,107.856380268007
108,235.27430798963155,343.11076928595526,107.8364612963237
109,234.6955474652214,342.86148806770353,108.16594060248212
110,234.55702931270255,342.4675167077894,107.91048739508685
111,233.98504225697846,342.2528305215313,108.26778826455282
112,234.1644721130855,341.31656859871305,107.15209648562754
113,233.8567937862828,340.87241014784405,107.01561636156126
114,326.58842600435185,339.73666272570586,13.14823672135401
115,319.7889929312765,333.29416436535456,13.505171434078079
116,318.4211048281819,319.7655391063896,1.3444342782077001
117,318.05974281571696,319.363429340305,1.303686524588045
118,317.6476034853718,318.68009037277494,1.032486887403138
119,317.03627552694974,318.29074758779905,1.2544720608493094
120,316.4316671889841,317.6570477732235,1.2253805842394172
121,315.5724956329369,316.76016163652906,1.1876660035921418
122,314.8412298286233,316.30365157550744,1.4624217468841607
123,314.23876272668844,315.6342820417326,1.3955193150441687
124,313.70368184004474,314.836465486449,1.1327836464042775
125,313.05750270517393,314.3405796266209,1.283076921446991
126,312.200256245891,313.4230368048909,1.2227805589998866
127,311.8092365533773,313.0255580619576,1.2163215085803358
128,311.5670072392133,312.6739515853535,1.1069443461402102
129,311.1334118991401,312.40998703626616,1.2765751371260308
130,309.78218154051405,311.52046481732145,1.7382832768074081
131,309.43335308269536,310.4383996866367,1.0050466039413664
132,308.50607773591753,309.3622472119053,0.8561694759877696
133,307.6572768520192,309.1876452900407,1.530368438021469
134,306.88760157425713,308.3277476971542,1.4401461228970902
135,306.1976485866604,307.59876462690806,1.4011160402476435
136,305.5879578779242,306.96579614022147,1.3778382622972458
137,305.05901068481813,306.413119823548,1.354109138729882
138,287.76726707532254,321.06852851065923,33.3012614353367
139,269.0074348414928,322.14903383372115,53.14159899222835
140,245.97967395701622,321.6286678764814,75.6489939194652
141,169.45205811674285,320.93768865622496,151.48563053948212
142,164.01219466856725,320.22023671217283,156.2080420436056
143,163.21764610482532,319.4010018769509,156.18335577212557
144,162.63148526653748,318.8683113763423,156.23682610980484
145,161.7188919081503,318.190194694934,156.4713027867837
146,161.14899937635357,317.28851224083104,156.13951286447747
147,160.37767924496225,316.76489704511135,156.3872178001491
148,160.18114745499858,316.09650425147066,155.91535679647208
149,160.01562423713506,315.729314445143,155.71369020800796
150,159.88120589988054,314.92538798896476,155.04418208908422
151,159.29846201391902,314.2117120668802,154.91325005296116
152,159.2388143638353,313.5889028648814,154.3500885010461
153,159.21055241409096,313.05750270517393,153.84695029108298
154,158.7765725792064,312.2178726466504,153.441300067444
155,158.8238017426859,311.8493225902535,153.0255208475676
156,158.09490820390135,311.20732639190874,153.11241818800738
157,158.2308440222702,310.69277429641005,152.46193027413986
158,158.02847844613325,310.4834939252005,152.45501547906724
159,157.54364474646383,309.80800506119914,152.2643603147353
160,157.8131806916013,309.3638634359223,151.55068274432102
161,149.57606760441325,308.6486675817668,159.07259997735355
162,148.66068747318505,308.3585575267857,159.69787005360067
163,149.04026301640775,308.1330881291394,159.09282511273167
164,148.48905683584903,307.688153818115,159.19909698226596
165,148.43180252223578,307.3271872125862,158.8953846903504
166,148.93287078412206,307.0504844484047,158.11761366428263
167,148.70776711389354,306.6349621292393,157.92719501534575
168,148.85227576359054,306.33968074671617,157.48740498312563
169,148.47558721890948,305.9836596944353,157.5080724755258
170,148.94629904767692,305.6304958606062,156.68419681292926
171,147.648230602334,305.3342430845253,157.68601248219133
172,147.36349615830918,304.9065430586887,157.54304690037955
173,147.8681845428556,305.1311193569086,157.26293481405298
174,148.66068747318505,303.58689036254515,154.9262028893601
175,160.44936896105264,289.0830330545188,128.63366409346617
176,160.31219541881399,281.64161624305456,121.32942082424057
177,160.11246047700348,281.3485382936972,121.2360778166937
178,160.0281225285106,282.0638225650358,122.03570003652521
179,160.0124995117569,281.0284683088174,121.01596879706054
180,160.0,281.0284683088174,121.02846830881742
181,161.02794788483146,281.1440911703463,120.11614328551485
182,161.11176245079065,281.3485382936972,120.23677584290652
183,161.25135658344087,281.64161624305456,120.39025965961369
184,280.8629559055448,281.78360491696463,0.9206490114198118
185,281.1138559374119,281.4977797425763,0.38392380516438607
186,281.60255680657446,282.0567318820808,0.45417507550632763
187,281.18677067031444,281.71261952564356,0.5258488553291158
188,281.85279846047297,282.44822534404426,0.5954268835712924
189,281.61853632174143,282.93108701590216,1.312550694160734
190,267.89923478800756,303.40237309553135,35.503138307523784
191,155.12897859523216,304.58660508958695,149.4576264943548
192,155.54099138169335,305.00655730656024,149.4655659248669
193,155.46703830716015,305.1376738457577,149.67063553859757
194,155.7080601638849,305.60104711862493,149.89298695474002
195,155.502411556863,305.76461534978176,150.26220379291877
196,156.32018423735306,306.2188759694608,149.89869173210772
197,155.93909067324972,306.45228013509706,150.51318946184733
198,156.21779668142807,306.7409330363328,150.52313635490475
199,156.26259949200897,307.1432890362412,150.8806895442322
200,156.37135287513502,307.35809733924367,150.98674446410865
201,156.7322557739791,307.8830946966722,151.15083892269308
202,161.7714437099453,308.3115307606902,146.5400870507449
203,161.24515496597098,308.4623153644542,147.2171603984832
204,161.05899540230592,308.7798568559808,147.7208614536749
205,161.01242188104618,309.5109044928789,148.49848261183274
206,160.99689437998487,309.9193443462347,148.92244996624984
207,160.12495120998477,310.42068230064825,150.29573109066348
208,159.70597985047397,311.01446911679204,151.30848926631808
209,153.18289721767243,311.3278015211619,158.14490430348948
210,151.6047492659778,311.8268750444708,160.222125778493
211,151.7926216915697,309.5561338432821,157.7635121517124
212,151.47607071745688,297.43570733857763,145.95963662112075
213,150.88074761214565,297.87413449307746,146.9933868809318
214,156.98407562552325,298.77416220282504,141.7900865773018
215,157.63248396190426,299.4561737550255,141.82368979312122
216,157.4102919125684,300.0,142.5897080874316
217,157.8005069700348,300.6559495503124,142.8554425802776
218,158.05062480104277,300.79394940723125,142.74332460618848
219,158.38244852255568,301.2806001056158,142.89815158306013
220,158.79546593023366,302.0761493398643,143.28068340963063
221,159.3643623900902,302.5376009688713,143.17323857878108
222,159.28904544883179,303.5341825890455,144.2451371402137
223,159.86244086714052,304.108533257454,144.24609239031346
224,160.51479682571323,304.76384299978895,144.24904617407572
225,217.0829334609241,304.8032152061392,87.72028174521512
226,217.83020910791964,306.360898288277,88.53068918035734
227,218.08255317654368,312.2579062249665,94.17535304842283
228,218.16049138191818,317.49330701606925,99.33281563415107
229,219.10043359153812,322.9133010577297,103.81286746619159
230,220.0954338463204,329.84845004941286,109.75301620309247
231,220.51757299589528,335.47727195743084,114.95969896153557
232,172.80046296234278,343.4020966738555,170.60163371151273
233,173.0028901492689,350.03571246374275,177.03282231447386
234,173.44163283364233,349.44813635216315,176.00650351852082
235,173.92527130926086,321.1790777743781,147.2538064651172
236,173.89939620366712,328.1249761904753,154.22557998680819
237,168.9644933114647,329.34176777323586,160.37727446177115
238,167.90771274721124,329.7953911139451,161.88767836673384
239,168.5852899869974,330.32408328791286,161.73879330091546
240,169.30741271426953,330.9274845037807,161.62007178951117
241,169.19810873647495,331.53129565698623,162.33318692051128
242,169.53170794869024,332.29053552576545,162.7588275770752
243,169.941166289984,332.74164151785993,162.80047522787592
244,170.42593699317015,333.29416436535456,162.8682273721844
245,170.48753620133056,333.9476006801067,163.46006447877613
246,170.57842770995398,334.17510380038783,163.59667609043385
247,170.84788555905513,335.00597009605667,164.15808453700154
248,171.0263137648707,335.574134879314,164.54782111444328
249,171.2337583538947,335.6799070543246,164.4461487004299
250,171.73526137634053,336.48774123287166,164.75247985653112
251,172.02906731131225,336.7862823809782,164.75721506966596
252,159.10059710761615,336.8753478662397,177.77475075862353
253,155.08062419270823,337.3603414748094,182.27971728210116
254,154.80633061990713,337.6684764676738,182.8621458477667
255,162.5207679036744,338.11980125393427,175.59903335025987
256,168.34488409215172,338.35188783277096,170.00700374061924
257,165.95180023127196,338.19520990102745,172.2434096697555
258,166.1114083980989,337.34255586866,171.2311474705611
259,166.54428840401582,337.13053851586926,170.58625011185345
260,167.1944975171133,336.04315199093105,168.84865447381776
261,166.88319268278636,327.00152904841286,160.1183363656265
262,167.32304085211933,310.98713799769916,143.66409714557983
263,166.97305171793442,311.20732639190874,144.2342746739743
264,166.67633305301626,310.65253902068787,143.9762059676716
265,167.4305826305338,310.17736861350795,142.74678598297416
266,167.2423391369542,310.7104761671225,143.46813703016832
267,167.10774967068403,311.2715855968868,144.16383592620275
268,167.0269439342048,311.16073017011644,144.13378623591163
269,167.0029939851379,311.0401903291599,144.037196344022
270,167.0,312.04006153056696,145.04006153056696
271,167.0269439342048,336.1800113034682,169.15306736926337
272,167.10774967068403,337.4285109471338,170.3207612764498
273,167.2423391369542,337.78395462188547,170.54161548493127
274,167.4305826305338,338.2454729926182,170.8148903620844
275,169.66437457521835,338.81263258621277,169.14825801099443
276,181.0,338.91739406527955,157.91739406527955
277,180.7373785358192,338.61482542853906,157.87744689271986
278,180.87841220001906,338.02366781040644,157.14525561038738
279,180.5103875127412,337.6758800980609,157.16549258531967
280,180.8535318980528,337.3781261433527,156.52459424529988
281,180.42727066604982,336.93322780634145,156.50595714029163
282,180.2692430782356,336.57391461609143,156.30467153785582
283,179.96944185055418,336.17406205714326,156.20462020658908
284,179.97777640586628,335.6799070543246,155.7021306484583
285,179.8054504179448,335.0373113550191,155.2318609370743
286,180.08053753806934,334.48019373350047,154.39965619543113
287,228.65913495856665,334.0089819151575,105.34984695659085
288,228.32433072276814,333.6240399012038,105.29970917843565
289,228.37250272307304,332.7100840070827,104.33758128400964
290,226.947130407062,332.5191723795787,105.57204197251673
291,226.73773395709856,332.0557182160849,105.31798425898637
292,226.55021518418383,330.92597359530424,104.37575841112042
293,226.11943746613204,330.6297022349928,104.51026476886076
294,225.94247055390008,329.887859734183,103.94538918028292
295,225.41739063346466,328.8236609491476,103.40627031568295
296,224.94888308235718,312.1602152741441,87.21133219178691
297,224.1182723474371,311.7338608492828,87.61558850184568
298,223.78561169118984,310.94211679989576,87.15650510870591
299,223.39650847763937,310.2289477144259,86.83243923678651
300,223.29352879114074,309.594896598765,86.30136780762425
301,194.50963986394095,308.7005021051958,114.19086224125488
302,164.21023110634732,307.4020169094536,143.19178580310628
303,162.8066337714775,307.0390854598157,144.2324516883382
304,162.28986413205232,305.92973049378514,143.63986636173283
305,161.23585209251695,305.4995908344232,144.26373874190625
306,160.80111939908875,304.8212591011329,144.02013970204416
307,159.62455951387932,304.00657887618155,144.38201936230223
308,160.2404443328837,303.4633421024688,143.2228977695851
309,161.33505508723144,302.0546308203203,140.71957573308887
310,162.48384535085327,301.65709008740373,139.17324473655046
311,163.68567438844488,301.21918929576844,137.53351490732356
312,164.26807358704855,300.2165884823822,135.94851489533363
313,165.51737068960466,299.24738929521175,133.73001860560709
314,165.46903033498444,299.1471209956733,133.67809066068884
315,165.46298679765212,298.3990616607231,132.93607486307096
316,166.20770138594662,297.1060416753587,130.8983402894121
317,165.6804152578089,296.5821977125397,130.9017824547308
318,165.75886099994776,306.2058131388103,140.44695213886254
319,165.95180023127196,310.1112703530783,144.15947012180632
320,164.92422502470643,310.3626910567699,145.43846603206347
321,164.2954655491137,310.0096772683072,145.71421171919351
322,164.62381358722072,309.2507073556987,144.62689376847797
323,164.61470165206995,308.6000648088072,143.98536315673724
324,163.682619724881,307.47520225214913,143.79258252726814
325,163.11039206623224,307.37599125501004,144.2655991887778
326,164.46884203398528,306.4718584144391,142.00301638045383
327,163.67040050051813,305.94934221207274,142.2789417115546
328,163.45335726133007,305.28675044947494,141.83339318814487
329,163.11039206623224,304.4158340165636,141.30544195033139
330,162.9846618550347,304.13319450530224,141.14853265026755
331,162.4130536625674,303.43368303469543,141.02062937212804
332,162.3607095328177,302.82833420933383,140.46762467651612
333,161.8919392681427,302.3177136722227,140.42577440408
334,161.91355718407277,301.51782700198675,139.60426981791397
335,161.54875425084526,301.16606714568627,139.617312894841
336,161.24515496597098,300.84713726409296,139.60198229812198
337,161.00310556011024,300.30817504690077,139.30506948679053
338,160.822883943797,299.90165054564136,139.07876660184436
339,160.70469812671936,299.3927186823354,138.68802055561602
340,160.0312469488381,298.93979326948096,138.90854632064287
341,160.0124995117569,298.8394217635953,138.8269222518384
342,160.0562401157793,298.52973051272465,138.47349039694535
343,160.4400199451496,297.9832210041364,137.5432010589868
344,159.62455951387932,297.6743186773088,138.04975916342948
345,159.8311609167624,297.3550066839299,137.5238457671675
346,159.5900999435742,297.122870206923,137.5327702633488
347,159.66214329013624,296.7642161716941,137.10207288155786
348,159.05030650709227,296.5299310356376,137.47962452854534
349,159.47727110782904,296.33933252270106,136.86206141487202
350,159.3047394147456,296.24989451474914,136.94515510000355
351,158.8238017426859,296.1384811198977,137.31467937721177
352,159.26079241294764,295.85469406450187,136.59390165155423
353,158.91192529196795,295.8462438497403,136.93431855777234
354,158.61904047118682,295.526648544594,136.9076080734072
355,159.45218719101973,295.0610106401725,135.6088234491528
356,159.25451327984396,295.6112311804137,136.35671790056975
357,159.11316727411344,295.3811097548386,136.26794248072514
358,159.02829936838285,295.16944286290885,136.141143494526
359,159.00314462299164,295.0423698386386,136.03922521564695
